[
  {
    "width":222,
    "snippet_hits":263
  },
  {
    "width":888,
    "snippet_hits":263
  },
  {
    "width":2288,
    "snippet_hits":263
  },
  {
    "width":8888,
    "snippet_hits":263
  },
  {
    "width":12288,
    "snippet_hits":263
  },
  {
    "width":18888,
    "snippet_hits":263
  },
  {
    "width":22288,
    "snippet_hits":263
  },
  {
    "width":28888,
    "snippet_hits":263
  },
  {
    "width":32288,
    "snippet_hits":263
  },
  {
    "width":38888,
    "snippet_hits":263
  },
  {
    "width":42288,
    "snippet_hits":263
  },
  {
    "width":48888,
    "snippet_hits":263
  },
  {
    "width":52288,
    "snippet_hits":263
  },
  {
    "width":58888,
    "snippet_hits":263
  },
  {
    "width":62888,
    "snippet_hits":263
  },
  {
    "width":68888,
    "snippet_hits":263
  },
  {
    "width":72288,
    "snippet_hits":263
  },
  {
    "width":78888,
    "snippet_hits":263
  },
  {
    "width":82288,
    "snippet_hits":263
  },
  {
    "width":88888,
    "snippet_hits":263
  },
  {
    "width":92288,
    "snippet_hits":263
  },
  {
    "width":98888,
    "snippet_hits":263
  },
  {
    "width":102288,
    "snippet_hits":263
  },
  {
    "width":108822,
    "snippet_hits":263
  },
  {
    "width":112288,
    "snippet_hits":263
  },
  {
    "width":118888,
    "snippet_hits":263
  },
  {
    "width":122288,
    "snippet_hits":263
  },
  {
    "width":128888,
    "snippet_hits":263
  },
  {
    "width":132288,
    "snippet_hits":263
  },
  {
    "width":138888,
    "snippet_hits":263
  },
  {
    "width":142288,
    "snippet_hits":263
  },
  {
    "width":148888,
    "snippet_hits":263
  },
  {
    "width":152888,
    "snippet_hits":263
  },
  {
    "width":158888,
    "snippet_hits":263
  },
  {
    "width":162888,
    "snippet_hits":263
  },
  {
    "width":168888,
    "snippet_hits":263
  },
  {
    "width":172888,
    "snippet_hits":263
  },
  {
    "width":178888,
    "snippet_hits":263
  },
  {
    "width":182888,
    "snippet_hits":263
  },
  {
    "width":188888,
    "snippet_hits":263
  }
]