[
  {
    "file":"\/mnt\/data\/H.zip",
    "size":3708645,
    "sha256":"f3865c3f6cafe9f7f65baecc0bc4742d4ea0d752b219250b28c7571045c5eba9",
    "acquired_at(UTC+7)":"2025-09-14 10:50:28+0700"
  },
  {
    "file":"\/mnt\/data\/Tajima.zip",
    "size":5798,
    "sha256":"cca060698fefa90239c46390a6406398c69c7953289086cdf27b20cea5aa8883",
    "acquired_at(UTC+7)":"2025-09-14 10:50:28+0700"
  },
  {
    "file":"\/mnt\/data\/2025-06-12-Analysis-Detalis-Python.zip",
    "size":60162,
    "sha256":"bbf73259cd31f278eb987882e2d4c1c78e76a36807e152c59e890a0a4cf2662d",
    "acquired_at(UTC+7)":"2025-09-14 10:50:28+0700"
  },
  {
    "file":"\/mnt\/data\/bug_type_202-2025-06-12-050716",
    "size":127697,
    "sha256":"4ec430f90d8ee8e9cd910e60a8533fd70493b630db067e1f2e571fc5b68d8b1e",
    "acquired_at(UTC+7)":"2025-09-14 10:50:28+0700"
  },
  {
    "file":"\/mnt\/data\/bug_type225-2025-06-12 120519 .docx",
    "size":15692,
    "sha256":"b5a376e467259f3bbb2b7531ec5aeb9944f81a68c4802b5595489f9da5c3cf53",
    "acquired_at(UTC+7)":"2025-09-14 10:50:28+0700"
  },
  {
    "file":"\/mnt\/data\/JetsamEvent-2025-06-12-112511.docx",
    "size":17846,
    "sha256":"35866710b05ea8e9b1baf0a12e7785b76a8d57c812ed25739863614ca766c4c0",
    "acquired_at(UTC+7)":"2025-09-14 10:50:28+0700"
  },
  {
    "file":"\/mnt\/data\/Apple-Suport-History-2025-Jun.json",
    "size":4903,
    "sha256":"25281a9637ca679e5ac0c68e5164dcf1ae6396761ee6509a03a57a93dad66ffd",
    "acquired_at(UTC+7)":"2025-09-14 10:50:28+0700"
  },
  {
    "file":"\/mnt\/data\/Organize.csv",
    "size":6336,
    "sha256":"76f76a2d20d5ccfc614ac76cb751cded64eb5861dd656f2ea90789ad1782dec2",
    "acquired_at(UTC+7)":"2025-09-14 10:50:28+0700"
  },
  {
    "file":"\/mnt\/data\/KABUKI_INV_2025-06-12_OUT\/Tajima_EXTRACT\/____________.csv",
    "size":445,
    "sha256":"c388bc0e6339c82046778fd21dc0f9d43578249724d629094dab3e76270ef1df",
    "acquired_at(UTC+7)":"2025-09-14 10:50:28+0700"
  },
  {
    "file":"\/mnt\/data\/KABUKI_INV_2025-06-12_OUT\/Tajima_EXTRACT\/history_search.txt",
    "size":68,
    "sha256":"405c506a969c85ab80d7c44ff62240fa819b33333c26ad77f23e1af758965348",
    "acquired_at(UTC+7)":"2025-09-14 10:50:28+0700"
  },
  {
    "file":"\/mnt\/data\/KABUKI_INV_2025-06-12_OUT\/Tajima_EXTRACT\/不正証拠\/_____________csv__preview_.csv",
    "size":445,
    "sha256":"c388bc0e6339c82046778fd21dc0f9d43578249724d629094dab3e76270ef1df",
    "acquired_at(UTC+7)":"2025-09-14 10:50:28+0700"
  },
  {
    "file":"\/mnt\/data\/KABUKI_INV_2025-06-12_OUT\/Tajima_EXTRACT\/不正証拠\/viettel_bundle_analysis_report.txt",
    "size":458,
    "sha256":"339e0a81e00a4048d923bde04e99aeebab500ec5f310b8e83844b8b81a89aee8",
    "acquired_at(UTC+7)":"2025-09-14 10:50:28+0700"
  },
  {
    "file":"\/mnt\/data\/KABUKI_INV_2025-06-12_OUT\/2025-06-12-Analysis-Detalis-Python_EXTRACT\/2025-06-12-Analysis-Detalis-Python.docx",
    "size":17314,
    "sha256":"6155b31b705c6094e3957a7b1fb1cec37d7d78fa821750380af78edd116020b3",
    "acquired_at(UTC+7)":"2025-09-14 10:50:28+0700"
  },
  {
    "file":"\/mnt\/data\/KABUKI_INV_2025-06-12_OUT\/2025-06-12-Analysis-Detalis-Python_EXTRACT\/2025-06-12-Analytics Logs.docx",
    "size":17098,
    "sha256":"637238e374f6c7867317b44a4900489fdf4890b64b4443e73d3be7a9e0d186c5",
    "acquired_at(UTC+7)":"2025-09-14 10:50:28+0700"
  },
  {
    "file":"\/mnt\/data\/KABUKI_INV_2025-06-12_OUT\/2025-06-12-Analysis-Detalis-Python_EXTRACT\/bug_type_298_2025-06-12-2.docx",
    "size":12564,
    "sha256":"0ac480e3cb0d18e33a6ba58de37bdca60544e6b919298315cc7b88180a28cefe",
    "acquired_at(UTC+7)":"2025-09-14 10:50:28+0700"
  },
  {
    "file":"\/mnt\/data\/KABUKI_INV_2025-06-12_OUT\/2025-06-12-Analysis-Detalis-Python_EXTRACT\/C-bug_type_298_2025-06-12-1.docx",
    "size":12564,
    "sha256":"0e7f223e584cf1a5d245e26b5d7a7c783cea515263da78ac119bc90f2bcd2151",
    "acquired_at(UTC+7)":"2025-09-14 10:50:28+0700"
  },
  {
    "file":"\/mnt\/data\/KABUKI_INV_2025-06-12_OUT\/2025-06-12-Analysis-Detalis-Python_EXTRACT\/RTCR_2025-06-12.docx",
    "size":12319,
    "sha256":"e597d7129d2ad1f8cd7d4080e1b365cd6aace9f39fa14b058868122df884de8e",
    "acquired_at(UTC+7)":"2025-09-14 10:50:28+0700"
  },
  {
    "file":"\/mnt\/data\/KABUKI_INV_2025-06-12_OUT\/EVENTS.csv",
    "size":18343,
    "sha256":"b3d4c606d583a38d8d840cec6e14a3f76615ebaa63dccb4338e7e52e86e257fb",
    "acquired_at(UTC+7)":"2025-09-14 10:50:35+0700"
  },
  {
    "file":"\/mnt\/data\/KABUKI_INV_2025-06-12_OUT\/EVENTS.json",
    "size":23403,
    "sha256":"489c3177a07e31febb0ae2dc074d150d383823e45b42f148c7bfb0c25137b72a",
    "acquired_at(UTC+7)":"2025-09-14 10:50:35+0700"
  },
  {
    "file":"\/mnt\/data\/KABUKI_INV_2025-06-12_OUT\/PIVOT.csv",
    "size":18343,
    "sha256":"b3d4c606d583a38d8d840cec6e14a3f76615ebaa63dccb4338e7e52e86e257fb",
    "acquired_at(UTC+7)":"2025-09-14 10:50:35+0700"
  },
  {
    "file":"\/mnt\/data\/KABUKI_INV_2025-06-12_OUT\/PIVOT.json",
    "size":23403,
    "sha256":"489c3177a07e31febb0ae2dc074d150d383823e45b42f148c7bfb0c25137b72a",
    "acquired_at(UTC+7)":"2025-09-14 10:50:35+0700"
  },
  {
    "file":"\/mnt\/data\/KABUKI_INV_2025-06-12_OUT\/IDMAP.csv",
    "size":115,
    "sha256":"1a459ebf5c4be1858f751e9ad98cd3463ea24b32fe583a36c358466c558f1af9",
    "acquired_at(UTC+7)":"2025-09-14 10:50:35+0700"
  },
  {
    "file":"\/mnt\/data\/KABUKI_INV_2025-06-12_OUT\/IDMAP.json",
    "size":241,
    "sha256":"0ddf9d8ce4382663123594c968e6388b165d71c2ff4b2549fb996ea74812522e",
    "acquired_at(UTC+7)":"2025-09-14 10:50:35+0700"
  },
  {
    "file":"\/mnt\/data\/KABUKI_INV_2025-06-12_OUT\/GAPS.csv",
    "size":132,
    "sha256":"23e30b49aa9aa42644dd26944077145f3640c8416d7d62046648db6621e5edc0",
    "acquired_at(UTC+7)":"2025-09-14 10:50:35+0700"
  },
  {
    "file":"\/mnt\/data\/KABUKI_INV_2025-06-12_OUT\/GAPS.json",
    "size":220,
    "sha256":"4cf5820a20f4a837764ef859150a936410406a4fbdacfca37e3c651791286131",
    "acquired_at(UTC+7)":"2025-09-14 10:50:35+0700"
  },
  {
    "file":"\/mnt\/data\/KABUKI_INV_2025-06-12_OUT\/tamper_join_sec.csv",
    "size":5872,
    "sha256":"d0dd805d33286a36a11c47f3930cd35e405d181306990367af6349c9f279aade",
    "acquired_at(UTC+7)":"2025-09-14 10:50:35+0700"
  },
  {
    "file":"\/mnt\/data\/KABUKI_INV_2025-06-12_OUT\/tamper_join_sec.json",
    "size":11273,
    "sha256":"257353ccdc5098eefa1dcaa376822defad4c347dda3d9c08e83f800ef36259c6",
    "acquired_at(UTC+7)":"2025-09-14 10:50:35+0700"
  },
  {
    "file":"\/mnt\/data\/KABUKI_INV_2025-06-12_OUT\/CATEGORY_COUNTS.csv",
    "size":178,
    "sha256":"9b64dcf0fe87223ea188c24eb12e6773386492dca4b644e285faf7c4e31409ab",
    "acquired_at(UTC+7)":"2025-09-14 10:50:35+0700"
  },
  {
    "file":"\/mnt\/data\/KABUKI_INV_2025-06-12_OUT\/CATEGORY_COUNTS.json",
    "size":595,
    "sha256":"4f8818bd36d08eae14c1155b7dcb98c0c1b140b058b8c1d54be282d649a08503",
    "acquired_at(UTC+7)":"2025-09-14 10:50:35+0700"
  },
  {
    "file":"\/mnt\/data\/KABUKI_INV_2025-06-12_OUT\/FUKABORI_STATS.csv",
    "size":431,
    "sha256":"4ace3a1cb370d8c537df2f24a88166f0f8464ce0715029961498f6c095ace55c",
    "acquired_at(UTC+7)":"2025-09-14 10:50:35+0700"
  },
  {
    "file":"\/mnt\/data\/KABUKI_INV_2025-06-12_OUT\/FUKABORI_STATS.json",
    "size":2054,
    "sha256":"2959405fb80b00e7523cd14f1054202863539a1186dd96f1525f2e93b4771727",
    "acquired_at(UTC+7)":"2025-09-14 10:50:35+0700"
  },
  {
    "file":"\/mnt\/data\/KABUKI_INV_2025-06-12_OUT\/APPLE_SUPPORT_JUNE.csv",
    "size":2577,
    "sha256":"a50337b34611de38d287d3ce0671def5ab4dd35295e0b7f24710d03be81c2731",
    "acquired_at(UTC+7)":"2025-09-14 10:50:35+0700"
  },
  {
    "file":"\/mnt\/data\/KABUKI_INV_2025-06-12_OUT\/APPLE_SUPPORT_JUNE.json",
    "size":4903,
    "sha256":"25281a9637ca679e5ac0c68e5164dcf1ae6396761ee6509a03a57a93dad66ffd",
    "acquired_at(UTC+7)":"2025-09-14 10:50:35+0700"
  }
]